,#,Company,Symbol,Weight,Price
0,1,Apple Inc.,AAPL,0.06840213509313003,172.83
1,2,Microsoft Corporation,MSFT,0.06209933090912479,326.95
2,3,Amazon.com Inc.,AMZN,0.03768129350882459,"3,397.11"
3,4,Google Alphabet Inc. Class A,GOOGL,0.022026159247894347,"2,866.89"
4,5,Google Alphabet Inc. Class C,GOOG,0.020588302324318356,"2,879.9"
5,6,Facebook Meta Platforms Inc. Class A,FB,0.019910094341810403,332.9
6,7,Tesla Inc,TSLA,0.018927182772941233,959.99
7,8,NVIDIA Corporation,NVDA,0.01791685088133487,289.71
8,9,Berkshire Hathaway Inc. Class B,BRK.B,0.013712151392021883,293.63
9,10,UnitedHealth Group Incorporated,UNH,0.011779348642933526,488
10,11,JPMorgan Chase & Co.,JPM,0.011761528433189658,156.6
11,12,Johnson & Johnson,JNJ,0.011417884388499252,167.62
12,13,Home Depot Inc.,HD,0.01062478505372008,390.99
13,14,Procter & Gamble Company,PG,0.009880196289910331,157.37
14,15,Visa Inc. Class A,V,0.009050296521990063,214.87
15,16,Pfizer Inc.,PFE,0.00885516422528293,59.3
16,17,Bank of America Corp,BAC,0.008035604579065894,44.29
17,18,Mastercard Incorporated Class A,MA,0.007570039099360198,350
18,19,Walt Disney Company,DIS,0.006881320993148088,150.9
19,20,Broadcom Inc.,AVGO,0.006864590796233671,646.95
20,21,Netflix Inc.,NFLX,0.006799680032233978,604.7
21,22,Adobe Inc.,ADBE,0.006753289486217251,558.14
22,23,Thermo Fisher Scientific Inc.,TMO,0.006615197860878821,645.34
23,24,Cisco Systems Inc.,CSCO,0.006581977469874819,61
24,25,Exxon Mobil Corporation,XOM,0.006475466216237365,60.71
25,26,Accenture Plc Class A,ACN,0.006307714241796625,393.01
26,27,Costco Wholesale Corporation,COST,0.006266333754748292,544.05
27,28,salesforce.com inc.,CRM,0.006257493650700268,252.2
28,29,Abbott Laboratories,ABT,0.006169932620106937,135.89
29,30,PepsiCo Inc.,PEP,0.006056421284078513,168.94
30,31,AbbVie Inc.,ABBV,0.005981340400376512,129.95
31,32,Coca-Cola Company,KO,0.005783308069535977,57.77
32,33,Comcast Corporation Class A,CMCSA,0.005715937276581744,48.71
33,34,Verizon Communications Inc.,VZ,0.005682866887343263,52.8
34,35,Chevron Corporation,CVX,0.005669556730682718,115.52
35,36,PayPal Holdings Inc.,PYPL,0.005549325315558963,188.57
36,37,Eli Lilly and Company,LLY,0.0054086736600889775,264.88
37,38,Intel Corporation,INTC,0.00521552138668672,50.56
38,39,NIKE Inc. Class B,NKE,0.005175410914586465,166.99
39,40,Danaher Corporation,DHR,0.005167790824898008,315.63
40,41,Walmart Inc.,WMT,0.005129230371041466,139.66
41,42,Qualcomm Inc,QCOM,0.005115680211556089,178.96
42,43,McDonald's Corporation,MCD,0.005056579515940901,265.2
43,44,Merck & Co. Inc.,MRK,0.004987168698975586,76.32
44,45,Wells Fargo & Company,WFC,0.004829046837881281,48.02
45,46,NextEra Energy Inc.,NEE,0.004562683702787181,90.53
46,47,AT&T Inc.,T,0.004453342415840234,24.54
47,48,Intuit Inc.,INTU,0.004416891986818684,621
48,49,Texas Instruments Incorporated,TXN,0.004399171778251829,186.37
49,50,Lowe's Companies Inc.,LOW,0.004396791750238899,247
50,51,Linde plc,LIN,0.0043771815194264835,331.29
51,52,Advanced Micro Devices Inc.,AMD,0.004247149988955369,143.83
52,53,Union Pacific Corporation,UNP,0.0039994870739628605,242.22
53,54,Oracle Corporation,ORCL,0.0038210549738170413,91.99
54,55,United Parcel Service Inc. Class B,UPS,0.003816274917555779,208.99
55,56,Philip Morris International Inc.,PM,0.0037316639216843574,92.3
56,57,Honeywell International Inc.,HON,0.003557541872267836,201.75
57,58,Morgan Stanley,MS,0.003539401658757523,97.93
58,59,Bristol-Myers Squibb Company,BMY,0.0035362516216815867,61.37
59,60,Medtronic Plc,MDT,0.0034632007618729667,101.44
60,61,CVS Health Corporation,CVS,0.0034132801743076507,100.9
61,62,Applied Materials Inc.,AMAT,0.003385059842154342,151.11
62,63,BlackRock Inc.,BLK,0.0033083489392670144,914.5
63,64,Starbucks Corporation,SBUX,0.003286168678205342,110.47
64,65,American Tower Corporation,AMT,0.0032678384624587027,279.9
65,66,Goldman Sachs Group Inc.,GS,0.0032614783876006213,380
66,67,Amgen Inc.,AMGN,0.0032209079100861014,221.1
67,68,Raytheon Technologies Corporation,RTX,0.0031503270793497235,83.25
68,69,Charles Schwab Corporation,SCHW,0.0031359869105659363,83.19
69,70,ServiceNow Inc.,NOW,0.003114736660450493,631.6
70,71,Prologis Inc.,PLD,0.0030762462074178606,160.79
71,72,Intuitive Surgical Inc.,ISRG,0.0030537059421189383,348
72,73,Citigroup Inc.,C,0.0029896151877707596,59.56
73,74,International Business Machines Corporation,IBM,0.002939434597145208,128.29
74,75,Zoetis Inc. Class A,ZTS,0.002865553727567373,238
75,76,S&P Global Inc.,SPGI,0.0028628036951994923,470.49
76,77,Target Corporation,TGT,0.0027656025511420264,221.01
77,78,Anthem Inc.,ANTM,0.002765362548317193,446.49
78,79,Caterpillar Inc.,CAT,0.0027335021733205797,201.14
79,80,Boeing Company,BA,0.0026801415452659873,199.64
80,81,3M Company,MMM,0.002578430348125197,172.99
81,82,General Electric Company,GE,0.002549100002907034,93.05
82,83,American Express Company,AXP,0.002528399759265166,160.91
83,84,Moderna Inc.,MRNA,0.00252062966781119,269.13
84,85,Automatic Data Processing Inc.,ADP,0.002504459477488049,222.6
85,86,Deere & Company,DE,0.002481379205833252,350.36
86,87,Lam Research Corporation,LRCX,0.002406348322719758,682.59
87,88,Micron Technology Inc.,MU,0.0023834780535366895,90.4
88,89,Gilead Sciences Inc.,GILD,0.0023452076030934877,71.57
89,90,Booking Holdings Inc.,BKNG,0.002340657549539358,"2,349.06"
90,91,ConocoPhillips,COP,0.00233915753188415,70.68
91,92,Mondelez International Inc. Class A,MDLZ,0.002337087507519963,64.87
92,93,Analog Devices Inc.,ADI,0.0023368675049305326,172.5
93,94,Altria Group Inc,MO,0.0022898069510278135,46.91
94,95,TJX Companies Inc,TJX,0.002256956564378762,73.17
95,96,Crown Castle International Corp,CCI,0.002254876539896874,198.58
96,97,Marsh & McLennan Companies Inc.,MMC,0.0022006159012491573,168.85
97,98,Stryker Corporation,SYK,0.002146265261542128,256.22
98,99,Lockheed Martin Corporation,LMT,0.002145795256010163,340.67
99,100,PNC Financial Services Group Inc.,PNC,0.0021118448564139596,196.87
100,101,Sherwin-Williams Company,SHW,0.002091174613125196,334.49
101,102,Chubb Limited,CB,0.0020686743482970795,187.24
102,103,Charter Communications Inc. Class A,CHTR,0.002068434345472246,650
103,104,Estee Lauder Companies Inc. Class A,EL,0.002068074341234996,355.45
104,105,Duke Energy Corporation,DUK,0.002058464228123965,103.02
105,106,CME Group Inc. Class A,CME,0.0020570242111749653,225.2
106,107,General Motors Company,GM,0.002024823832176504,54.93
107,108,CSX Corporation,CSX,0.002024703830764088,35.7
108,109,Ford Motor Company,F,0.001966783149037664,19.56
109,110,Edwards Lifesciences Corporation,EW,0.0019310827288437182,124.4
110,111,Intercontinental Exchange Inc.,ICE,0.0019266726769374073,134.06
111,112,Truist Financial Corporation,TFC,0.0019179325740663966,57.12
112,113,U.S. Bancorp,USB,0.0019107524895568017,56.7
113,114,Equinix Inc.,EQIX,0.001905362426115755,805
114,115,Becton Dickinson and Company,BDX,0.0018711920239301214,251.83
115,116,Cigna Corporation,CI,0.0018592318831592645,221.12
116,117,Southern Company,SO,0.0018342615892589053,66.01
117,118,T-Mobile US Inc.,TMUS,0.0018013212015505417,120.63
118,119,Colgate-Palmolive Company,CL,0.0017965411452892798,81.94
119,120,Norfolk Southern Corporation,NSC,0.0017706408404426918,285.17
120,121,Illinois Tool Works Inc.,ITW,0.0017425105093486946,236.69
121,122,Eaton Corp. Plc,ETN,0.0016878498659929223,167.24
122,123,Air Products and Chemicals Inc.,APD,0.001685549838921604,295.75
123,124,Aon Plc Class A,AON,0.0016548094771075452,293.23
124,125,Fidelity National Information Services Inc.,FIS,0.0016474993910678326,109.9
125,126,Regeneron Pharmaceuticals Inc.,REGN,0.0016364992615963089,606.6
126,127,Dominion Energy Inc,D,0.0016267391467197567,77.57
127,128,Moody's Corporation,MCO,0.0016172290347857392,391.28
128,129,Waste Management Inc.,WM,0.0016056688987229378,160.4
129,130,Autodesk Inc.,ADSK,0.0015621983870750156,279.94
130,131,FedEx Corporation,FDX,0.0015599183602391,251.33
131,132,Fiserv Inc.,FISV,0.00154627819969441,105.11
132,133,Progressive Corporation,PGR,0.0015332180459764011,101.22
133,134,Capital One Financial Corporation,COF,0.0015221079152101615,143.51
134,135,HCA Healthcare Inc,HCA,0.0015206378979080583,247.03
135,136,KLA Corporation,KLAC,0.0015198178882565446,402.64
136,137,Illumina Inc.,ILMN,0.001512537802569936,378.03
137,138,Humana Inc.,HUM,0.0014958476061263238,450.14
138,139,NXP Semiconductors NV,NXPI,0.0014895475319744512,222.96
139,140,Boston Scientific Corporation,BSX,0.0014516470858862008,41.11
140,141,Public Storage,PSA,0.0014394769426436145,361.79
141,142,Ecolab Inc.,ECL,0.0014391069382886632,225.49
142,143,Northrop Grumman Corporation,NOC,0.0014368069112173447,378.49
143,144,Freeport-McMoRan Inc.,FCX,0.0014182866932343791,39.2
144,145,Vertex Pharmaceuticals Incorporated,VRTX,0.0014159266654568522,219.34
145,146,Johnson Controls International plc,JCI,0.001395966430524887,77.17
146,147,Emerson Electric Co.,EMR,0.0013803262464399202,91.03
147,148,Synopsys Inc.,SNPS,0.0013632260451705515,359.49
148,149,DexCom Inc.,DXCM,0.0013604260122141636,567.54
149,150,Exelon Corporation,EXC,0.0013477158626157028,53.43
150,151,Dollar General Corporation,DG,0.0013437458158882527,221.72
151,152,IHS Markit Ltd.,INFO,0.0013278256285076471,131.94
152,153,IDEXX Laboratories Inc.,IDXX,0.0013265656136772727,630.3
153,154,IQVIA Holdings Inc,IQV,0.0013095654135849176,268.63
154,155,TE Connectivity Ltd.,TEL,0.0012957352508039016,156.82
155,156,Roper Technologies Inc.,ROP,0.0012707649569035425,460
156,157,Cadence Design Systems Inc.,CDNS,0.0012665049067627525,183
157,158,EOG Resources Inc.,EOG,0.0012595448248425884,86.35
158,159,Xilinx Inc.,XLNX,0.0012535047537509513,207
159,160,Amphenol Corporation Class A,APH,0.0012527347446879447,83.06
160,161,Digital Realty Trust Inc.,DLR,0.001247964688544384,169.88
161,162,Simon Property Group Inc.,SPG,0.0012406146020338656,154
162,163,Activision Blizzard Inc.,ATVI,0.0012404746003860463,63.48
163,164,Centene Corporation,CNC,0.0012402645979143173,82.99
164,165,MSCI Inc. Class A,MSCI,0.0012323245044594173,594.66
165,166,Kimberly-Clark Corporation,KMB,0.0012282344563195506,139.97
166,167,Chipotle Mexican Grill Inc.,CMG,0.0012169743237877909,"1,723.89"
167,168,Newmont Corporation,NEM,0.0012109142524607513,58.18
168,169,Microchip Technology Incorporated,MCHP,0.0011850239477318647,85.14
169,170,General Dynamics Corporation,GD,0.0011837739330191914,204.7
170,171,Agilent Technologies Inc.,A,0.001178053865693999,152.75
171,172,Trane Technologies plc,TT,0.0011760738423891245,194.43
172,173,O'Reilly Automotive Inc.,ORLY,0.0011717037909536195,674.72
173,174,Fortinet Inc.,FTNT,0.0011566536138130346,337.82
174,175,Carrier Global Corp.,CARR,0.001140113419134943,52.13
175,176,American International Group Inc.,AIG,0.0011356633667578267,55.14
176,177,American Electric Power Company Inc.,AEP,0.0011267832622389963,87
177,178,Align Technology Inc.,ALGN,0.0011260832539998994,626.23
178,179,Cognizant Technology Solutions Corporation Class A,CTSH,0.0011247032377571082,85.99
179,180,Motorola Solutions Inc.,MSI,0.001118233161604312,261.61
180,181,Bank of New York Mellon Corporation,BK,0.0011092230555553638,57.89
181,182,T. Rowe Price Group,TROW,0.0011060230178909205,190.58
182,183,MetLife Inc.,MET,0.0011013629630420747,60.83
183,184,AutoZone Inc.,AZO,0.0010806227189294015,"1,990.37"
184,185,HP Inc.,HPQ,0.0010763926691417158,37.19
185,186,Aptiv PLC,APTV,0.001070772602993537,153.21
186,187,Baxter International Inc.,BAX,0.0010645125293124698,83.87
187,188,General Mills Inc.,GIS,0.0010606624839974365,65.05
188,189,SBA Communications Corp. Class A,SBAC,0.0010584124575146248,372.74
189,190,Marriott International Inc. Class A,MAR,0.0010569224399771184,158.44
190,191,eBay Inc.,EBAY,0.0010502223611171901,63.6
191,192,Sempra Energy,SRE,0.0010457623086223722,128.51
192,193,Dow Inc.,DOW,0.001030002123124989,54.25
193,194,Schlumberger NV,SLB,0.0010276120949943579,29.59
194,195,L3Harris Technologies Inc,LHX,0.0010247720615671645,207.13
195,196,Paychex Inc.,PAYX,0.0010232920441473595,126
196,197,Constellation Brands Inc. Class A,STZ,0.0010168119678768616,241.32
197,198,DuPont de Nemours Inc.,DD,0.0010153319504570568,76.49
198,199,Pioneer Natural Resources Company,PXD,0.0010109918993746556,177.93
199,200,Hilton Worldwide Holdings Inc,HLT,0.0010096918840734753,148.55
200,201,Rockwell Automation Inc.,ROK,0.001007911863122629,339.71
201,202,Yum! Brands Inc.,YUM,0.0010037818145119566,133.37
202,203,Prudential Financial Inc.,PRU,0.0009929216866882522,105.97
203,204,Travelers Companies Inc.,TRV,0.000988351632898719,155.52
204,205,Parker-Hannifin Corporation,PH,0.000987311620657775,305.33
205,206,PPG Industries Inc.,PPG,0.0009843115853473592,163.93
206,207,Realty Income Corporation,O,0.0009839715813455122,68.62
207,208,Ross Stores Inc.,ROST,0.0009758514857719874,108.55
208,209,Cintas Corporation,CTAS,0.0009707714259796835,429.94
209,210,Marathon Petroleum Corporation,MPC,0.0009692814084421772,63.5
210,211,SVB Financial Group,SIVB,0.0009651113593606996,665.92
211,212,Electronic Arts Inc.,EA,0.000954121230006877,132.17
212,213,Sysco Corporation,SYY,0.0009402410666373541,74.49
213,214,Global Payments Inc.,GPN,0.0009375210346225773,132.1
214,215,International Flavors & Fragrances Inc.,IFF,0.0009364710222639319,142.69
215,216,McKesson Corporation,MCK,0.0009349710046087241,236
216,217,Xcel Energy Inc.,XEL,0.0009327709787144193,66.34
217,218,ResMed Inc.,RMD,0.0009314309629424337,260.15
218,219,Mettler-Toledo International Inc.,MTD,0.000927960922100053,"1,571.54"
219,220,Archer-Daniels-Midland Company,ADM,0.000927130912330838,65.64
220,221,Keysight Technologies Inc,KEYS,0.0009234508690167283,197.58
221,222,Verisk Analytics Inc,VRSK,0.000921420845123347,221.3
222,223,Match Group Inc.,MTCH,0.0009211308417100067,131.34
223,224,EPAM Systems Inc.,EPAM,0.0009136407535516692,640
224,225,Biogen Inc.,BIIB,0.000911090723537816,231.3
225,226,Fastenal Company,FAST,0.0009096007060003094,61.63
226,227,First Republic Bank,FRC,0.000909380703410879,200.71
227,228,Otis Worldwide Corporation,OTIS,0.0009068306733970257,84.18
228,229,Walgreens Boots Alliance Inc,WBA,0.0009047706491505403,49.84
229,230,Welltower Inc.,WELL,0.0009041306416176518,82.64
230,231,Twitter Inc.,TWTR,0.0008851504182204223,44.14
231,232,Aflac Incorporated,AFL,0.0008815603759656249,56.84
232,233,Monster Beverage Corporation,MNST,0.0008811703713752709,93.24
233,234,Arthur J. Gallagher & Co.,AJG,0.0008756503064041062,163.97
234,235,AvalonBay Communities Inc.,AVB,0.0008704402450816844,245.17
235,236,Equifax Inc.,EFX,0.0008676302120075953,280.07
236,237,ANSYS Inc.,ANSS,0.0008674102094181647,396.46
237,238,CBRE Group Inc. Class A,CBRE,0.0008574300919521822,103.27
238,239,American Water Works Company Inc.,AWK,0.0008556200706482314,181.27
239,240,D.R. Horton Inc.,DHI,0.0008528400379272462,104.36
240,241,State Street Corporation,STT,0.0008503000080310944,92.9
241,242,Corteva Inc,CTVA,0.0008481699829606993,45.82
242,243,Discover Financial Services,DFS,0.0008471899714259636,115.17
243,244,West Pharmaceutical Services Inc.,WST,0.0008380998644354044,445.95
244,245,Public Service Enterprise Group Inc,PEG,0.0008363298436022591,64.31
245,246,Ameriprise Financial Inc.,AMP,0.0008330298047608019,294.5
246,247,Allstate Corporation,ALL,0.000832329796521705,113.32
247,248,AMETEK Inc.,AME,0.0008293897619174977,140.6
248,249,Nucor Corporation,NUE,0.0008210696639899451,112.52
249,250,Old Dominion Freight Line Inc.,ODFL,0.0008080195103896371,339.44
250,251,Kroger Co.,KR,0.0007986093996326336,43.71
251,252,Eversource Energy,ES,0.0007953593613796834,88.96
252,253,Williams Companies Inc.,WMB,0.0007949293563185237,25.66
253,254,Dollar Tree Inc.,DLTR,0.0007929493330136495,138.54
254,255,Zebra Technologies Corporation Class A,ZBRA,0.0007864392563900475,580.21
255,256,TransDigm Group Incorporated,TDG,0.000785439244619909,609.29
256,257,Phillips 66,PSX,0.0007847592366162149,72.14
257,258,Alexandria Real Estate Equities Inc.,ARE,0.0007843292315550552,217.49
258,259,WEC Energy Group Inc,WEC,0.0007837592248460763,94.73
259,260,Copart Inc.,CPRT,0.0007832292186079029,142.89
260,261,Arista Networks Inc.,ANET,0.0007790891698795295,137.91
261,262,Laboratory Corporation of America Holdings,LH,0.0007720890874885596,302.59
262,263,Consolidated Edison Inc.,ED,0.0007686390468815817,83.37
263,264,Cummins Inc.,CMI,0.0007669890274608531,211.76
264,265,Kinder Morgan Inc Class P,KMI,0.0007667090241652143,15.66
265,266,Equity Residential,EQR,0.0007627989781439726,87.98
266,267,Ball Corporation,BLL,0.0007587189301218075,89.99
267,268,Lennar Corporation Class A,LEN,0.0007501188288986161,108.85
268,269,Willis Towers Watson Public Limited Company,WLTW,0.0007471387938236032,236.25
269,270,Extra Space Storage Inc.,EXR,0.0007454687741674719,215.73
270,271,Stanley Black & Decker Inc.,SWK,0.0007445887638097501,179.24
271,272,Weyerhaeuser Company,WY,0.0007377886837728079,38.79
272,273,PACCAR Inc,PCAR,0.0007358586610564405,84.04
273,274,Fifth Third Bancorp,FITB,0.0007338586375161636,42.28
274,275,Republic Services Inc.,RSG,0.0007251385348805554,133.62
275,276,Valero Energy Corporation,VLO,0.0007247985308787083,71.3
276,277,Etsy Inc.,ETSY,0.0007161884295378156,223.65
277,278,Corning Inc,GLW,0.0007161584291847114,36.19
278,279,Hershey Company,HSY,0.0007047782952405348,188.73
279,280,Cerner Corporation,CERN,0.0006900881223371998,90.75
280,281,Vulcan Materials Company,VMC,0.0006807680126395087,201.87
281,282,Martin Marietta Materials Inc.,MLM,0.0006799680032233979,430.13
282,283,Gartner Inc.,IT,0.0006661978411485903,316
283,284,CDW Corp.,CDW,0.0006625277979521818,193.3
284,285,Fortive Corp.,FTV,0.0006613477840634183,72.59
285,286,Albemarle Corporation,ALB,0.0006584877504008221,224.94
286,287,Edison International,EIX,0.0006579277438095444,67.24
287,288,Teradyne Inc.,TER,0.000656197723447205,159.98
288,289,Tractor Supply Company,TSCO,0.0006559777208577744,222.78
289,290,ONEOK Inc.,OKE,0.0006502876538856862,58.21
290,291,Mid-America Apartment Communities Inc.,MAA,0.0006499576500015405,218.4
291,292,Kraft Heinz Company,KHC,0.0006457476004492573,35.07
292,293,Tyson Foods Inc. Class A,TSN,0.0006455575982129309,84.39
293,294,Zimmer Biomet Holdings Inc.,ZBH,0.0006406975410100576,122.46
294,295,Skyworks Solutions Inc.,SWKS,0.0006389775207654194,152.8
295,296,Church & Dwight Co. Inc.,CHD,0.0006261673699899446,98.4
296,297,Dover Corporation,DOV,0.0006257873655172919,171.33
297,298,Synchrony Financial,SYF,0.0006255673629278615,46.13
298,299,Devon Energy Corporation,DVN,0.0006217073174951269,41.39
299,300,Enphase Energy Inc.,ENPH,0.0006209973091383285,189.85
300,301,Occidental Petroleum Corporation,OXY,0.0006177272706499755,28.56
301,302,Northern Trust Corporation,NTRS,0.0006157372472273998,117.79
302,303,PerkinElmer Inc.,PKI,0.0006143972314554141,189.04
303,304,Expedia Group Inc.,EXPE,0.000613197217331248,177.5
304,305,VeriSign Inc.,VRSN,0.0006056971290552089,244.3
305,306,Duke Realty Corporation,DRE,0.0006055571274073895,62.26
306,307,Ingersoll Rand Inc.,IR,0.0006052071232878411,59.17
307,308,McCormick & Company Incorporated,MKC,0.0006038771076335567,93.02
308,309,United Rentals Inc.,URI,0.0006012070762072869,329.09
309,310,Southwest Airlines Co.,LUV,0.0006010270740886619,40.87
310,311,Delta Air Lines Inc.,DAL,0.0006006570697337107,38.57
311,312,Nasdaq Inc.,NDAQ,0.0005954670086466917,202.24
312,313,Hartford Financial Services Group Inc.,HIG,0.000592126969334429,67.54
313,314,PPL Corporation,PPL,0.0005859068961241672,29.42
314,315,DTE Energy Company,DTE,0.0005857868947117507,116.48
315,316,LyondellBasell Industries NV,LYB,0.0005816268457479744,89.1
316,317,STERIS Plc,STE,0.00057502676806506,231.21
317,318,Ameren Corporation,AEE,0.0005745167620622894,87.79
318,319,V.F. Corporation,VFC,0.000568616692618472,70.39
319,320,Entergy Corporation,ETR,0.0005675066795536183,109.27
320,321,Essex Property Trust Inc.,ESS,0.0005656366575434592,340.7
321,322,FirstEnergy Corp.,FE,0.000565556656601848,40.24
322,323,Generac Holdings Inc.,GNRC,0.0005636966347093904,348.21
323,324,Clorox Company,CLX,0.0005597465882173433,171.12
324,325,Pool Corporation,POOL,0.0005574965617345315,541.46
325,326,Expeditors International of Washington Inc.,EXPD,0.0005568765544370456,127.47
326,327,Best Buy Co. Inc.,BBY,0.0005554965381942545,97.5
327,328,Huntington Bancshares Incorporated,HBAN,0.0005540165207744494,15.35
328,329,CarMax Inc.,KMX,0.0005539365198328383,140.43
329,330,W.W. Grainger Inc.,GWW,0.0005525865039431513,496.79
330,331,Waters Corporation,WAT,0.0005498964722814786,349.42
331,332,Seagate Technology Holdings PLC,STX,0.0005453764190804525,109.1
332,333,KeyCorp,KEY,0.0005447164113121611,22.69
333,334,Trimble Inc.,TRMB,0.000543366395422474,86.43
334,335,Quest Diagnostics Incorporated,DGX,0.0005406763637608013,167.09
335,336,Take-Two Interactive Software Inc.,TTWO,0.0005341562870194982,179.01
336,337,Xylem Inc.,XYL,0.0005303862426460759,115.98
337,338,Tyler Technologies Inc.,TYL,0.0005277462115729102,519.36
338,339,Monolithic Power Systems Inc.,MPWR,0.0005269462021567994,485.45
339,340,Catalent Inc,CTLT,0.0005257061875618275,124.53
340,341,Baker Hughes Company Class A,BKR,0.0005214661376564402,23.79
341,342,Ulta Beauty Inc,ULTA,0.0005169660846908167,378
342,343,Broadridge Financial Solutions Inc.,BR,0.0005150860625629563,175.07
343,344,Regions Financial Corporation,RF,0.0005097159993573123,20.98
344,345,Hologic Inc.,HOLX,0.0005066559633406884,75.99
345,346,NetApp Inc.,NTAP,0.0005065359619282718,90.1
346,347,Hess Corporation,HES,0.0005057659528652651,74.5
347,348,Domino's Pizza Inc.,DPZ,0.0005047859413305294,529.96
348,349,Garmin Ltd.,GRMN,0.0005025259147300163,132.84
349,350,Halliburton Company,HAL,0.0005009158957800933,23.08
350,351,Hewlett Packard Enterprise Co.,HPE,0.0005006858930729615,15.42
351,352,Paycom Software Inc.,PAYC,0.00049670584622781,416.75
352,353,Ventas Inc.,VTR,0.0004965558444622892,49.13
353,354,Teledyne Technologies Incorporated,TDY,0.0004963058415197546,423.04
354,355,Cooper Companies Inc.,COO,0.0004952658292788105,395.79
355,356,Citizens Financial Group Inc.,CFG,0.0004891057567747572,45.83
356,357,NVR Inc.,NVR,0.0004882357465347367,"5,747.05"
357,358,Genuine Parts Company,GPC,0.000485545714873064,134.35
358,359,Healthpeak Properties Inc.,PEAK,0.0004852657115774252,35.18
359,360,CMS Energy Corporation,CMS,0.0004838256946284257,63.73
360,361,AmerisourceBergen Corporation,ABC,0.0004831256863893287,127.61
361,362,M&T Bank Corporation,MTB,0.0004807156580232948,149.05
362,363,Akamai Technologies Inc.,AKAM,0.00047946564331062167,115.8
363,364,Signature Bank,SBNY,0.0004720555560938952,315
364,365,Caesars Entertainment Inc,CZR,0.0004676455041875842,92.6
365,366,Bio-Techne Corporation,TECH,0.0004671154979494108,479.64
366,367,Charles River Laboratories International Inc.,CRL,0.0004645454677001548,361.03
367,368,Bath & Body Works Inc.,BBWI,0.0004644754668762451,76.94
368,369,Darden Restaurants Inc.,DRI,0.00046432546511072426,145.1
369,370,Amcor PLC,AMCR,0.00046155543250744056,11.75
370,371,FactSet Research Systems Inc.,FDS,0.0004603454182655729,479.89
371,372,Raymond James Financial Inc.,RJF,0.00045383534164197104,96.99
372,373,FLEETCOR Technologies Inc.,FLT,0.00044995529597383353,219.91
373,374,International Paper Company,IP,0.0004495552912657781,45.69
374,375,ViacomCBS Inc. Class B,VIAC,0.0004484552783186257,29.12
375,376,Celanese Corporation,CE,0.000447035261605029,158.54
376,377,Jacobs Engineering Group Inc.,J,0.0004465352557199597,134.24
377,378,Western Digital Corporation,WDC,0.0004420252026366349,58.93
378,379,CenterPoint Energy Inc.,CNP,0.0004391051682678305,27.3
379,380,IDEX Corporation,IEX,0.0004383851597933307,228.46
380,381,MGM Resorts International,MGM,0.000435745128720165,44.6
381,382,Diamondback Energy Inc.,FANG,0.0004354051247183178,104.83
382,383,UDR Inc.,UDR,0.00043356510306126293,58.22
383,384,Avery Dennison Corporation,AVY,0.0004330350968230895,208.24
384,385,Principal Financial Group Inc.,PFG,0.0004310650736359166,70.33
385,386,Cincinnati Financial Corporation,CINF,0.00042557500901785605,111.54
386,387,Conagra Brands Inc.,CAG,0.00042542500725233534,33.83
387,388,Westinghouse Air Brake Technologies Corporation,WAB,0.00042354498512447487,89.23
388,389,Kellogg Company,K,0.00042205496758696844,62.51
389,390,Qorvo Inc.,QRVO,0.00042059495040256615,148.51
390,391,Textron Inc.,TXT,0.0004180149200356087,75.02
391,392,Masco Corporation,MAS,0.0004144348778985128,67.04
392,393,J.B. Hunt Transport Services Inc.,JBHT,0.00041404487330815883,194.95
393,394,Royal Caribbean Group,RCL,0.0004139048716603393,76.28
394,395,Boston Properties Inc.,BXP,0.00040813480374664004,114.8
395,396,Coterra Energy Inc.,CTRA,0.0004071247918588001,19.97
396,397,Eastman Chemical Company,EMN,0.0004056047739681895,115.27
397,398,Bio-Rad Laboratories Inc. Class A,BIO,0.00040446476055023157,739.91
398,399,AES Corporation,AES,0.0003993447002871223,23.95
399,400,Viatris Inc.,VTRS,0.000398144686162956,13.07
400,401,Brown & Brown Inc.,BRO,0.0003978446826319145,66.49
401,402,MarketAxess Holdings Inc.,MKTX,0.00039542465414817927,411.56
402,403,Evergy Inc.,EVRG,0.0003951546509702418,66.28
403,404,Omnicom Group Inc,OMC,0.0003899345895301187,71.63
404,405,Carnival Corporation,CCL,0.00038951458458666053,20.54
405,406,LKQ Corporation,LKQ,0.00038699455492591147,56.85
406,407,Alliant Energy Corp,LNT,0.00038698455480821005,59.4
407,408,Quanta Services Inc.,PWR,0.0003867545521010782,110.83
408,409,NortonLifeLock Inc.,NLOK,0.00038671455163027257,25.34
409,410,Advance Auto Parts Inc.,AAP,0.0003854845371530022,229.57
410,411,Iron Mountain Inc.,IRM,0.0003820044961929201,51.49
411,412,J.M. Smucker Company,SJM,0.0003777044455813244,131.89
412,413,Teleflex Incorporated,TFX,0.0003770244375776302,321.5
413,414,ABIOMED Inc.,ABMD,0.0003704643603655214,332.2
414,415,Cardinal Health Inc.,CAH,0.00036782432929235575,49.72
415,416,Live Nation Entertainment Inc.,LYV,0.00036338427703294066,114.3
416,417,Interpublic Group of Companies Inc.,IPG,0.0003608742474898929,36.95
417,418,F5 Inc.,FFIV,0.0003570842028810678,233.16
418,419,CF Industries Holdings Inc.,CF,0.00035678419935002625,68.57
419,420,Incyte Corporation,INCY,0.0003567441988792208,74.24
420,421,Whirlpool Corporation,WHR,0.00035625419311185286,221.38
421,422,Hormel Foods Corporation,HRL,0.0003539641661582356,47.51
422,423,SolarEdge Technologies Inc.,SEDG,0.0003523341469729098,281
423,424,Kimco Realty Corporation,KIM,0.0003481540977737307,23.31
424,425,Cboe Global Markets Inc,CBOE,0.00034673408106013405,125.92
425,426,Fortune Brands Home & Security Inc.,FBHS,0.0003458640708201135,99.56
426,427,PulteGroup Inc.,PHM,0.0003447940582260653,52.99
427,428,C.H. Robinson Worldwide Inc.,CHRW,0.00034243403044853835,101.3
428,429,Ceridian HCM Holding Inc.,CDAY,0.0003417340222094414,102
429,430,United Airlines Holdings Inc.,UAL,0.00034073401043930283,44
430,431,Mosaic Company,MOS,0.0003403640060843516,37.33
431,432,FMC Corporation,FMC,0.00033973399866916434,105.78
432,433,Brown-Forman Corporation Class B,BF.B,0.00033955399655053933,71.73
433,434,Atmos Energy Corporation,ATO,0.0003352439458212422,99.46
434,435,PTC Inc.,PTC,0.0003277238573098005,120.73
435,436,Hasbro Inc.,HAS,0.0003187237513785537,96.52
436,437,Packaging Corporation of America,PKG,0.0003163737237187281,130.73
437,438,Jack Henry & Associates Inc.,JKHY,0.000312503678168292,165.02
438,439,Robert Half International Inc.,RHI,0.00030645360695895384,107.72
439,440,Leidos Holdings Inc.,LDOS,0.0003063736060173428,86.43
440,441,Fox Corporation Class A,FOXA,0.00030375357517957983,36.9
441,442,Marathon Oil Corporation,MRO,0.00030228355787747613,15.8
442,443,Lumen Technologies Inc.,LUMN,0.0002972334984382766,12.65
443,444,DENTSPLY SIRONA Inc.,XRAY,0.0002965834907876865,52.97
444,445,Pentair plc,PNR,0.0002953734765458189,70.25
445,446,Loews Corporation,L,0.0002929534480620836,56.76
446,447,Las Vegas Sands Corp.,LVS,0.0002920134369981534,36.92
447,448,Howmet Aerospace Inc.,HWM,0.00029154343146618836,30.59
448,449,WestRock Company,WRK,0.0002912034274643412,43.85
449,450,American Airlines Group Inc.,AAL,0.0002887433985098004,18.24
450,451,Allegion PLC,ALLE,0.00028769338615115494,126.36
451,452,Lincoln National Corporation,LNC,0.00028659337320400256,65.58
452,453,Snap-on Incorporated,SNA,0.00028497335413637815,208.51
453,454,W. R. Berkley Corporation,WRB,0.00028492335354787123,79.54
454,455,Host Hotels & Resorts Inc.,HST,0.0002841333442494618,16.86
455,456,Tapestry Inc.,TPR,0.000284113344014059,40.7
456,457,Comerica Incorporated,CMA,0.0002830833318908163,84.79
457,458,Juniper Networks Inc.,JNPR,0.00027829327551185274,33.6
458,459,Regency Centers Corporation,REG,0.0002765332547964089,72.93
459,460,A. O. Smith Corporation,AOS,0.00027249320724504926,80.9
460,461,NiSource Inc,NI,0.000271733198299744,26.82
461,462,Everest Re Group Ltd.,RE,0.0002690531667557727,264.84
462,463,Citrix Systems Inc.,CTXS,0.0002676331500421759,95.25
463,464,Henry Schein Inc.,HSIC,0.00026277309283930265,72.96
464,465,BorgWarner Inc.,BWA,0.0002607030684751159,42.87
465,466,NRG Energy Inc.,NRG,0.000256423018098923,41.12
466,467,Zions Bancorporation N.A.,ZION,0.0002484429241732175,61.65
467,468,Sealed Air Corporation,SEE,0.00024798291875895373,65.13
468,469,Universal Health Services Inc. Class B,UHS,0.00024409287297311486,127.7
469,470,Mohawk Industries Inc.,MHK,0.00023661278493247864,168.43
470,471,APA Corp.,APA,0.00023510276715956943,25.34
471,472,Federal Realty Investment Trust,FRT,0.00023080271654797374,131.28
472,473,Franklin Resources Inc.,BEN,0.0002281126848863011,32.92
473,474,Campbell Soup Company,CPB,0.00022795268300307891,42.3
474,475,Assurant Inc.,AIZ,0.00022406263721724,151.27
475,476,Lamb Weston Holdings Inc.,LW,0.00022112260261303272,61.18
476,477,Wynn Resorts Limited,WYNN,0.0002209926010829147,86.25
477,478,Molson Coors Beverage Company Class B,TAP,0.00021229249868270943,44.54
478,479,News Corporation Class A,NWSA,0.00021228249856500807,21.7
479,480,Globe Life Inc.,GL,0.0002098124694927659,90.73
480,481,Newell Brands Inc,NWL,0.00020208237850959503,21.43
481,482,DISH Network Corporation Class A,DISH,0.00020166237356613684,32.15
482,483,Penn National Gaming Inc.,PENN,0.00020152237191831745,50.66
483,484,Pinnacle West Capital Corporation,PNW,0.0001982123329591589,67.68
484,485,Norwegian Cruise Line Holdings Ltd.,NCLH,0.0001961523087126735,22.05
485,486,DXC Technology Co.,DXC,0.00019492229423540312,31.38
486,487,Organon & Co.,OGN,0.00019303227198984128,29.73
487,488,Invesco Ltd.,IVZ,0.00019175225692406398,22.74
488,489,Huntington Ingalls Industries Inc.,HII,0.00018609219030507986,183.14
489,490,DaVita Inc.,DVA,0.00018575218630323276,109
490,491,Rollins Inc.,ROL,0.00018526218053586488,32.79
491,492,Nielsen Holdings Plc,NLSN,0.00018482217535700391,20.13
492,493,People's United Financial Inc.,PBCT,0.00018331215758409474,17.56
493,494,PVH Corp.,PVH,0.0001746620557723964,98.63
494,495,Discovery Inc. Class C,DISCK,0.00016644195902185764,22.61
495,496,Vornado Realty Trust,VNO,0.00016135189911185252,41.14
496,497,Alaska Air Group Inc.,ALK,0.00015930187498306851,51.48
497,498,IPG Photonics Corporation,IPGP,0.00015186178741323785,167.39
498,499,Ralph Lauren Corporation Class A,RL,0.0001365316069770141,112
499,500,Fox Corporation Class B,FOX,0.00012945152364443325,34.21
500,501,Under Armour Inc. Class A,UAA,9.796115300277082e-05,20.48
501,502,Discovery Inc. Class A,DISCA,9.651113593606995e-05,23.36
502,503,Gap Inc.,GPS,8.93910521326836e-05,17.18
503,504,Under Armour Inc. Class C,UA,8.718102612067743e-05,17.37
504,505,News Corporation Class B,NWS,6.729079201262198e-05,21.96